獎項,序號
EVALUE 5萬充電點數,2002
Sliders電動自行車,2999
JOWUA電動滑板車,3
瑪雅之家住宿券,4
瑪雅之家住宿券,995
VNW EV系列前擋隔熱紙,994
VNW EV系列前擋隔熱紙,993
JOWUA雙用行動充電器,992
3D 折疊式輪胎桌架,991
3D 卡固立體車踏墊,990
JOWUA $5500官網購物金,989
3D 多功能輪胎梯架,988
JOWUA 座椅下摺疊收納盒+超細纖維擦車布,987
福斯T1野餐墊,986
福斯T1野餐墊,985
福斯T1野餐墊,984
福斯T1野餐墊,983
福斯T1野餐墊,982
KIMBLADE 前檔雨刷,981
KIMBLADE 前檔雨刷,980
KIMBLADE 前檔雨刷,979
KIMBLADE 前檔雨刷,978
KIMBLADE 前檔雨刷,977
KIMBLADE 前檔雨刷,976
KIMBLADE 前檔雨刷,975
KIMBLADE 前檔雨刷,974
KIMBLADE 前檔雨刷,973
KIMBLADE 前檔雨刷,972
保時捷 盾徽紙鎮,971
保時捷 Taycan Turbo紙鎮,970
3D 萬用木紋摺疊置物箱,969
JOWUA 堆疊收納箱30L(兩入),968
保時捷 保溫杯,967
保時捷 保溫杯,966
Sliders 自行車包,965
保時捷 Macan 車型針織袋,964
保時捷 Macan 車型針織袋,963
保時捷 Macan 車型針織袋,962
保時捷 Taycan 車型針織袋,961
保時捷 Taycan 車型針織袋,960
保時捷 Taycan 車型針織袋,959
3D 鋁合金高背摺疊椅,958
3D 鋁合金高背摺疊椅,957
3D 露營帳篷造型面紙盒套一組(兩個),956
3D 露營帳篷造型面紙盒套一組(兩個),955
車麻吉 $1000停車金,954
車麻吉 $1000停車金,953
車麻吉 $1000停車金,952
車麻吉 $1000停車金,951
車麻吉 $1000停車金,950
車麻吉 $1000停車金,949
車麻吉 $1000停車金,948
車麻吉 $1000停車金,947
車麻吉 $1000停車金,946
車麻吉 $1000停車金,945
車麻吉 $1000停車金,944
車麻吉 $1000停車金,943
車麻吉 $1000停車金,942
車麻吉 $1000停車金,941
車麻吉 $1000停車金,940
車麻吉 $1000停車金,939
車麻吉 $1000停車金,938
車麻吉 $1000停車金,937
車麻吉 $1000停車金,936
車麻吉 $1000停車金,935
車麻吉 $1000停車金,尚未抽獎
車麻吉 $1000停車金,尚未抽獎
車麻吉 $1000停車金,尚未抽獎
車麻吉 $1000停車金,尚未抽獎
車麻吉 $1000停車金,尚未抽獎
車麻吉 $1000停車金,尚未抽獎
車麻吉 $1000停車金,尚未抽獎
車麻吉 $1000停車金,尚未抽獎
車麻吉 $1000停車金,尚未抽獎
車麻吉 $1000停車金,尚未抽獎
3D Wildrest兩用托特野餐墊,尚未抽獎
3D Wildrest兩用托特野餐墊,尚未抽獎
3D Wildrest雙飲保溫瓶,尚未抽獎
3D Wildrest雙飲保溫瓶,尚未抽獎
3D Wildrest雙飲保溫瓶,尚未抽獎
3D 不鏽鋼馬克杯一組(兩個),尚未抽獎
3D 不鏽鋼馬克杯一組(兩個),尚未抽獎
車麻吉 $500停車金,尚未抽獎
車麻吉 $500停車金,尚未抽獎
車麻吉 $500停車金,尚未抽獎
車麻吉 $500停車金,尚未抽獎
車麻吉 $500停車金,尚未抽獎
車麻吉 $500停車金,尚未抽獎
車麻吉 $500停車金,尚未抽獎
車麻吉 $500停車金,尚未抽獎
車麻吉 $500停車金,尚未抽獎
車麻吉 $500停車金,尚未抽獎
車麻吉 $500停車金,尚未抽獎
車麻吉 $500停車金,尚未抽獎
車麻吉 $500停車金,尚未抽獎
車麻吉 $500停車金,尚未抽獎
車麻吉 $500停車金,尚未抽獎
車麻吉 $500停車金,尚未抽獎
車麻吉 $500停車金,尚未抽獎
車麻吉 $500停車金,尚未抽獎
車麻吉 $500停車金,尚未抽獎
車麻吉 $500停車金,尚未抽獎
車麻吉 $500停車金,尚未抽獎
車麻吉 $500停車金,尚未抽獎
車麻吉 $500停車金,尚未抽獎
車麻吉 $500停車金,尚未抽獎
車麻吉 $500停車金,尚未抽獎
車麻吉 $500停車金,尚未抽獎
車麻吉 $500停車金,尚未抽獎
車麻吉 $500停車金,尚未抽獎
車麻吉 $500停車金,尚未抽獎
車麻吉 $500停車金,尚未抽獎
車麻吉 $500停車金,尚未抽獎
車麻吉 $500停車金,尚未抽獎
車麻吉 $500停車金,尚未抽獎
車麻吉 $500停車金,尚未抽獎
車麻吉 $500停車金,尚未抽獎
車麻吉 $500停車金,尚未抽獎
車麻吉 $500停車金,尚未抽獎
車麻吉 $500停車金,尚未抽獎
車麻吉 $500停車金,尚未抽獎
車麻吉 $500停車金,尚未抽獎
一級淨 除油垢極淨噴霧,尚未抽獎
一級淨 除油垢極淨噴霧,尚未抽獎
一級淨 除油垢極淨噴霧,尚未抽獎
一級淨 除油垢極淨噴霧,尚未抽獎
一級淨 除水垢極淨慕斯,尚未抽獎
一級淨 除水垢極淨慕斯,尚未抽獎
一級淨 除水垢極淨慕斯,尚未抽獎
一級淨 除水垢極淨慕斯,尚未抽獎
一級淨 萬用布20抽,尚未抽獎
一級淨 萬用布20抽,尚未抽獎
一級淨 萬用布20抽,尚未抽獎
一級淨 萬用布20抽,尚未抽獎
一級淨 萬用布20抽,尚未抽獎


